id;title;date;type;contents;identifier
1;mobile Fish;2020-05-15T16:32:21;Savings Account Dam;../fake-data/blob/hipster.txt;Practical Fresh Pants
2;Metal deposit;2020-05-16T09:53:51;transmitter Implementation Electronics;../fake-data/blob/hipster.txt;Soap methodology Albania
3;Home Namibia;2020-05-16T01:39:18;Gorgeous Frozen Pants;../fake-data/blob/hipster.txt;Common
4;Savings Account syndicate Planner;2020-05-16T00:02:57;HDD;../fake-data/blob/hipster.txt;Table Small Frozen Sausages Planner
5;envisioneer Music Public-key;2020-05-16T05:28:01;Bahamian Dollar Investment Account;../fake-data/blob/hipster.txt;Games Regional Digitized
6;copy convergence;2020-05-16T06:15:39;Georgia Industrial;../fake-data/blob/hipster.txt;connect Markets Chief
7;capacitor archive;2020-05-15T21:33:39;Aruba;../fake-data/blob/hipster.txt;software scale interactive
8;Louisiana Specialist Home Loan Account;2020-05-16T04:37:39;scalable;../fake-data/blob/hipster.txt;Small
9;deliverables reinvent 24 hour;2020-05-16T10:54:49;magenta monitor 1080p;../fake-data/blob/hipster.txt;Unbranded Plastic Tuna Frozen
10;generating Highway Ergonomic;2020-05-16T02:21:07;Lempira;../fake-data/blob/hipster.txt;pixel withdrawal
